time,raw,run
2026-09-13 05:46,1289,1
2026-09-13 06:16,1288,1
2026-09-13 06:46,1291,1
2026-09-13 07:16,1293,1
2026-09-13 07:46,1292,1
2026-09-13 08:16,1272,1
2026-09-13 08:46,1295,1
2026-09-13 09:16,1297,1
2026-09-13 09:46,1295,1
2026-09-13 10:16,1298,1
2026-09-13 10:46,1300,1
2026-09-13 11:16,1297,1
2026-09-13 11:46,1299,1
2026-09-13 12:16,1299,1
2026-09-13 12:46,1298,1
2026-09-13 13:16,1298,1
2026-09-13 13:46,1302,1
2026-09-13 14:16,1303,1
2026-09-13 14:46,1310,1
2026-09-13 15:16,1312,1
2026-09-13 15:46,1312,1
2026-09-13 16:16,1314,1
2026-09-13 16:46,1312,1
2026-09-13 17:16,1317,1
2026-09-13 17:46,1311,1
2026-09-13 18:16,1318,1
2026-09-13 18:46,1319,1
2026-09-13 19:16,1320,1
2026-09-13 19:46,1321,1
2026-09-13 20:16,1320,1
2026-09-13 20:46,1324,1
2026-09-13 21:16,1323,1
2026-09-13 21:46,1326,1
2026-09-13 22:16,1326,1
2026-09-13 22:46,1328,1
2026-09-13 23:16,1328,1
2026-09-13 23:46,1328,1
2026-09-14 00:16,1330,1
2026-09-14 00:46,1328,1
2026-09-14 01:16,1328,1
2026-09-14 01:46,1330,1
2026-09-14 02:16,1334,1
2026-09-14 02:46,1336,1
2026-09-14 03:16,1336,1
2026-09-14 03:46,1338,1
2026-09-14 04:16,1337,1
2026-09-14 04:46,1340,1
2026-09-14 05:16,1339,1
2026-09-14 05:46,1343,1
2026-09-14 06:16,1343,1
2026-09-14 06:46,1345,1
2026-09-14 07:16,1346,1
2026-09-14 07:46,1349,1
2026-09-14 08:16,1350,1
2026-09-14 08:46,1348,1
2026-09-14 09:16,1354,1
2026-09-14 09:46,1351,1
2026-09-14 18:15,1367,2
2026-09-14 18:45,1373,2
2026-09-15 00:09,1381,3
2026-09-15 00:39,1379,3
2026-09-15 01:09,1385,3
2026-09-15 01:39,1383,3
2026-09-15 02:09,1387,3
2026-09-15 02:39,1387,3
2026-09-15 03:09,1387,3
2026-09-15 03:39,1387,3
2026-09-15 04:09,1387,3
2026-09-15 04:39,1389,3
2026-09-15 05:09,1388,3
2026-09-15 05:39,1391,3
2026-09-15 06:09,1392,3
2026-09-15 06:39,1388,3
2026-09-15 07:09,1392,3
2026-09-15 07:39,1393,3
2026-09-15 08:09,1398,3
2026-09-15 08:39,1398,3
2026-09-15 09:09,1402,3
2026-09-15 09:39,1404,3
2026-09-15 21:16,1423,4
2026-09-15 21:46,1423,4
2026-09-15 22:16,1422,4
2026-09-15 22:46,1424,4
2026-09-15 23:16,1424,4
2026-09-15 23:46,1427,4
2026-09-16 00:16,1422,4
2026-09-16 00:46,1430,4
2026-09-16 01:16,1430,4
2026-09-16 01:46,1427,4
2026-09-16 02:16,1432,4
2026-09-16 02:46,1432,4
2026-09-16 03:16,1435,4
2026-09-16 03:46,1438,4
2026-09-16 04:16,1435,4
2026-09-16 04:46,1437,4
2026-09-16 05:16,1434,4
2026-09-16 05:46,1440,4
2026-09-16 08:15,1446,5
2026-09-16 08:45,1438,5
2026-09-16 09:15,1444,5
2026-09-16 09:45,1445,5
2026-09-16 10:15,1447,5
2026-09-16 10:45,1449,5
2026-09-16 11:15,1446,5
2026-09-16 11:45,1458,5
2026-09-16 12:15,1454,5
2026-09-16 12:45,1450,5
2026-09-16 13:15,1453,5
2026-09-16 13:45,1457,5
2026-09-16 14:15,1455,5
2026-09-16 14:45,1455,5
2026-09-16 15:15,1457,5
2026-09-16 15:45,1455,5
2026-09-16 16:15,1461,5
2026-09-16 16:45,1459,5
2026-09-16 17:15,1462,5
2026-09-16 17:45,1462,5
2026-09-16 18:15,1461,5
2026-09-16 18:45,1464,5
2026-09-16 19:15,1461,5
2026-09-16 19:45,1464,5
2026-09-16 20:15,1464,5
2026-09-16 20:45,1465,5
2026-09-17 03:22,1476,6
2026-09-17 03:52,1478,6
2026-09-17 04:22,1478,6
2026-09-17 04:52,1476,6
2026-09-17 05:22,1480,6
2026-09-17 05:52,1479,6
2026-09-17 06:22,1482,6
2026-09-17 06:52,1482,6
2026-09-17 07:22,1483,6
2026-09-17 07:52,1483,6
2026-09-17 08:22,1483,6
2026-09-17 08:52,1484,6
2026-09-17 09:22,1484,6
2026-09-17 09:52,1482,6
2026-09-17 10:22,1488,6
2026-09-17 10:52,1488,6
2026-09-17 11:22,1488,6
2026-09-17 11:52,1482,6
2026-09-17 12:22,1486,6
2026-09-17 12:52,1477,6
2026-09-17 13:22,1486,6
2026-09-17 13:52,1483,6
2026-09-19 12:16,1533,7
2026-09-19 12:46,1534,7
2026-09-19 13:16,1534,7
2026-09-19 13:46,1535,7
2026-09-19 14:16,1535,7
